Numero de tesson;Numero de decor;Numero de photo;Nom photo;Type de motif identifie;Numero de motif identifie;Commentaire;Pays;Region;Departement;Commune;Site/Lieu-dit;Lambert-X;Lambert-Y;Lambert-Z;Numero de fait;Numero d'US;Type de CRA;Numero de CRA;Position du tesson;Auteur de l'identification;X gauche;Y bas;X droite;Y haut;retex ML (communiquer aux devs);Registre décoratif répété?
;;;C:/Users/Maxime/Desktop/photos boîte 29/photos boîte 29/US non identifiée/2025.676.JPG;Unknown;Unknown;;France;Occitanie;Aude;Fanjeaux;Las Cravieros;622242.08;6231754;259;;Non identifié (boite 29);Indéterminé;;;Maxime;0;0;0;0;unguessable;1
;;;C:/Users/Maxime/Desktop/photos boîte 29/photos boîte 29/US non identifiée/2025.677.JPG;Palmette;0;;France;Occitanie;Aude;Fanjeaux;Las Cravieros;622242.08;6231754;259;;Non identifié (boite 29);Indéterminé;;;Maxime;1165;1113;1689;1748;other;1
;;;C:/Users/Maxime/Desktop/photos boîte 29/photos boîte 29/US non identifiée/2025.677.JPG;false positive (not a sherd);0;;France;Occitanie;Aude;Fanjeaux;Las Cravieros;622242.08;6231754;259;;Non identifié (boite 29);Indéterminé;;;Maxime;837;-1;1759;398;FP;1
;;;C:/Users/Maxime/Desktop/photos boîte 29/photos boîte 29/US non identifiée/2025.677.JPG;Palmette;0;;France;Occitanie;Aude;Fanjeaux;Las Cravieros;622242.08;6231754;259;;Non identifié (boite 29);Indéterminé;;;Maxime;2042;1243;2550;1831;other;1
;;;C:/Users/Maxime/Desktop/photos boîte 29/photos boîte 29/US non identifiée/2025.677.JPG;false positive (not a sherd);0;;France;Occitanie;Aude;Fanjeaux;Las Cravieros;622242.08;6231754;259;;Non identifié (boite 29);Indéterminé;;;Maxime;229;-3;1156;277;FP;1
;;;C:/Users/Maxime/Desktop/photos boîte 29/photos boîte 29/US non identifiée/IMG_1118.JPG;false positive (not a sherd);0;;France;Occitanie;Aude;Fanjeaux;Las Cravieros;622242.08;6231754;259;;Non identifié (boite 29);Indéterminé;;;Maxime;0;0;0;0;FP;1
;;;C:/Users/Maxime/Desktop/photos boîte 29/photos boîte 29/US non identifiée/IMG_1120.JPG;false positive (not a sherd);0;;France;Occitanie;Aude;Fanjeaux;Las Cravieros;622242.08;6231754;259;;Non identifié (boite 29);Indéterminé;;;Maxime;0;0;0;0;FP;1
;;;C:/Users/Maxime/Desktop/photos boîte 29/photos boîte 29/US0042/2025.678.JPG;Geometrique;22;;France;Occitanie;Aude;Fanjeaux;Las Cravieros;622242.08;6231754;259;;42;Indéterminé;;;Maxime;256;1083;941;1813;1;1
;;;C:/Users/Maxime/Desktop/photos boîte 29/photos boîte 29/US0042/2025.678.JPG;Geometrique;22;;France;Occitanie;Aude;Fanjeaux;Las Cravieros;622242.08;6231754;259;;42;Indéterminé;;;Maxime;1065;1156;1851;1923;1;1
;;;C:/Users/Maxime/Desktop/photos boîte 29/photos boîte 29/US0042/2025.678.JPG;Geometrique;22;;France;Occitanie;Aude;Fanjeaux;Las Cravieros;622242.08;6231754;259;;42;Indéterminé;;;Maxime;1887;1333;2561;1790;1;1
;;;C:/Users/Maxime/Desktop/photos boîte 29/photos boîte 29/US0042/2025.678.JPG;false positive (not a sherd);0;;France;Occitanie;Aude;Fanjeaux;Las Cravieros;622242.08;6231754;259;;42;Indéterminé;;;Maxime;0;979;80;1754;FP;1
;;;C:/Users/Maxime/Desktop/photos boîte 29/photos boîte 29/US0042/2025.679.JPG;Rouelle;Inédit;Rouelle cheloue mi-spirale et re mi-moche derrière;France;Occitanie;Aude;Fanjeaux;Las Cravieros;622242.08;6231754;259;;42;Indéterminé;;;Maxime;2042;1060;2940;1996;unguessable;1
;;;C:/Users/Maxime/Desktop/photos boîte 29/photos boîte 29/US0042/2025.679.JPG;Rouelle;Inédit;Rouelle cheloue mi-spirale et re mi-moche derrière;France;Occitanie;Aude;Fanjeaux;Las Cravieros;622242.08;6231754;259;;42;Indéterminé;;;Maxime;1026;1041;1904;2008;unguessable;1
;;;C:/Users/Maxime/Desktop/photos boîte 29/photos boîte 29/US0042/2025.679.JPG;Rouelle;Inédit;Rouelle cheloue mi-spirale et re mi-moche derrière;France;Occitanie;Aude;Fanjeaux;Las Cravieros;622242.08;6231754;259;;42;Indéterminé;;;Maxime;216;1083;922;1961;unguessable;1
;;;C:/Users/Maxime/Desktop/photos boîte 29/photos boîte 29/US0042/2025.679.JPG;false positive (not a sherd);0;;France;Occitanie;Aude;Fanjeaux;Las Cravieros;622242.08;6231754;259;;42;Indéterminé;;;Maxime;3;1017;157;1872;FP;1
;;;C:/Users/Maxime/Desktop/photos boîte 29/photos boîte 29/US0042/2025.680.JPG;Rouelle;5;;France;Occitanie;Aude;Fanjeaux;Las Cravieros;622242.08;6231754;259;;42;Indéterminé;;;Maxime;1052;1658;1346;2059;1;1
;;;C:/Users/Maxime/Desktop/photos boîte 29/photos boîte 29/US0042/2025.681.JPG;Rouelle;0;;France;Occitanie;Aude;Fanjeaux;Las Cravieros;622242.08;6231754;259;;42;Indéterminé;;;Maxime;1258;1654;1680;1896;FN;1
;;;C:/Users/Maxime/Desktop/photos boîte 29/photos boîte 29/US0042/2025.681.JPG;Rouelle;0;;France;Occitanie;Aude;Fanjeaux;Las Cravieros;622242.08;6231754;259;;42;Indéterminé;;;Maxime;1315;1051;1773;1258;FN;1
;;;C:/Users/Maxime/Desktop/photos boîte 29/photos boîte 29/US0042/2025.681.JPG;Rouelle;0;;France;Occitanie;Aude;Fanjeaux;Las Cravieros;622242.08;6231754;259;;42;Indéterminé;;;Maxime;1272;1336;1832;1787;other;1
;;;C:/Users/Maxime/Desktop/photos boîte 29/photos boîte 29/US0042/2025.711.JPG;Rouelle;Inédit;Rouelle cheloue mi-spirale et re mi-moche derrière;France;Occitanie;Aude;Fanjeaux;Las Cravieros;622242.08;6231754;259;;42;Indéterminé;;;Maxime;2323;736;2993;1637;unguessable;1
;;;C:/Users/Maxime/Desktop/photos boîte 29/photos boîte 29/US0042/2025.711.JPG;Rouelle;Inédit;;France;Occitanie;Aude;Fanjeaux;Las Cravieros;622242.08;6231754;259;;42;Indéterminé;;;Maxime;1583;11;2511;988;unguessable;1
;;;C:/Users/Maxime/Desktop/photos boîte 29/photos boîte 29/US0042/2025.711.JPG;Rouelle;Inédit;Rouelle cheloue mi-spirale et re mi-moche derrière;France;Occitanie;Aude;Fanjeaux;Las Cravieros;622242.08;6231754;259;;42;Indéterminé;;;Maxime;775;3;1764;315;unguessable;1
;;;C:/Users/Maxime/Desktop/photos boîte 29/photos boîte 29/US0042/2025.711.JPG;false positive (not a sherd);0;;France;Occitanie;Aude;Fanjeaux;Las Cravieros;622242.08;6231754;259;;42;Indéterminé;;;Maxime;2852;13;2993;821;FP;1
;;;C:/Users/Maxime/Desktop/photos boîte 29/photos boîte 29/US0042/IMG_1132.JPG;Geometrique;22;;France;Occitanie;Aude;Fanjeaux;Las Cravieros;622242.08;6231754;259;;42;Indéterminé;;;Maxime;1093;1802;1721;2416;1;1
;;;C:/Users/Maxime/Desktop/photos boîte 29/photos boîte 29/US0042/IMG_1132.JPG;Geometrique;22;;France;Occitanie;Aude;Fanjeaux;Las Cravieros;622242.08;6231754;259;;42;Indéterminé;;;Maxime;1773;1839;2173;2173;FN;1
;;;C:/Users/Maxime/Desktop/photos boîte 29/photos boîte 29/US0042/IMG_1132.JPG;Geometrique;22;;France;Occitanie;Aude;Fanjeaux;Las Cravieros;622242.08;6231754;259;;42;Indéterminé;;;Maxime;448;1807;1025;2355;1;1
;;;C:/Users/Maxime/Desktop/photos boîte 29/photos boîte 29/US0042/IMG_1134.JPG;Rouelle;Inédit;Rouelle cheloue mi-spirale et re mi-moche derrière;France;Occitanie;Aude;Fanjeaux;Las Cravieros;622242.08;6231754;259;;42;Indéterminé;;;Maxime;1353;1440;1785;1875;unguessable;1
;;;C:/Users/Maxime/Desktop/photos boîte 29/photos boîte 29/US0042/IMG_1134.JPG;Rouelle;Inédit;Rouelle cheloue mi-spirale et re mi-moche derrière;France;Occitanie;Aude;Fanjeaux;Las Cravieros;622242.08;6231754;259;;42;Indéterminé;;;Maxime;499;1401;859;1806;unguessable;1
;;;C:/Users/Maxime/Desktop/photos boîte 29/photos boîte 29/US0042/IMG_1134.JPG;Rouelle;Inédit;Rouelle cheloue mi-spirale et re mi-moche derrière;France;Occitanie;Aude;Fanjeaux;Las Cravieros;622242.08;6231754;259;;42;Indéterminé;;;Maxime;896;1444;1336;1871;unguessable;1
;;;C:/Users/Maxime/Desktop/photos boîte 29/photos boîte 29/US0042/IMG_1134.JPG;Rouelle;Inédit;Rouelle cheloue mi-spirale et re mi-moche derrière;France;Occitanie;Aude;Fanjeaux;Las Cravieros;622242.08;6231754;259;;42;Indéterminé;;;Maxime;1817;1435;2217;1856;unguessable;1
;;;C:/Users/Maxime/Desktop/photos boîte 29/photos boîte 29/US0042/IMG_1134.JPG;Rouelle;Inédit;Rouelle cheloue mi-spirale et re mi-moche derrière;France;Occitanie;Aude;Fanjeaux;Las Cravieros;622242.08;6231754;259;;42;Indéterminé;;;Maxime;2252;1461;2576;1836;unguessable;1
;;;C:/Users/Maxime/Desktop/photos boîte 29/photos boîte 29/US0042/IMG_1134.JPG;Rouelle;Inédit;Rouelle cheloue mi-spirale et re mi-moche derrière;France;Occitanie;Aude;Fanjeaux;Las Cravieros;622242.08;6231754;259;;42;Indéterminé;;;Maxime;2579;1428;2851;1805;unguessable;1
;;;C:/Users/Maxime/Desktop/photos boîte 29/photos boîte 29/US0042/IMG_1137.JPG;Rouelle;0;;France;Occitanie;Aude;Fanjeaux;Las Cravieros;622242.08;6231754;259;;42;Indéterminé;;;Maxime;948;1481;1287;1707;other;1
;;;C:/Users/Maxime/Desktop/photos boîte 29/photos boîte 29/US0042/IMG_1139.JPG;Rouelle;0;;France;Occitanie;Aude;Fanjeaux;Las Cravieros;622242.08;6231754;259;;42;Indéterminé;;;Maxime;1229;1699;1596;2111;other;1
;;;C:/Users/Maxime/Desktop/photos boîte 29/photos boîte 29/US0042/IMG_1139.JPG;Rouelle;0;;France;Occitanie;Aude;Fanjeaux;Las Cravieros;622242.08;6231754;259;;42;Indéterminé;;;Maxime;1588;1711;1980;2156;FN;1
;;;C:/Users/Maxime/Desktop/photos boîte 29/photos boîte 29/US0042/IMG_1139.JPG;Rouelle;0;;France;Occitanie;Aude;Fanjeaux;Las Cravieros;622242.08;6231754;259;;42;Indéterminé;;;Maxime;1073;1685;1239;2059;other;1
;;;C:/Users/Maxime/Desktop/photos boîte 29/photos boîte 29/US105 avec interrogation/2025.682.JPG;Geometrique;9;;France;Occitanie;Aude;Fanjeaux;Las Cravieros;622242.08;6231754;259;;105 avec interrogation;Indéterminé;;;Maxime;1024;1044;2006;2061;1;1
;;;C:/Users/Maxime/Desktop/photos boîte 29/photos boîte 29/US105 avec interrogation/2025.682.JPG;Palmette;32;;France;Occitanie;Aude;Fanjeaux;Las Cravieros;622242.08;6231754;259;;105 avec interrogation;Indéterminé;;;Maxime;1421;125;2200;1082;other;1
;;;C:/Users/Maxime/Desktop/photos boîte 29/photos boîte 29/US105 avec interrogation/2025.682.JPG;Palmette;32;;France;Occitanie;Aude;Fanjeaux;Las Cravieros;622242.08;6231754;259;;105 avec interrogation;Indéterminé;;;Maxime;2269;156;2995;1012;4;1
;;;C:/Users/Maxime/Desktop/photos boîte 29/photos boîte 29/US105 avec interrogation/2025.682.JPG;Geometrique;9;;France;Occitanie;Aude;Fanjeaux;Las Cravieros;622242.08;6231754;259;;105 avec interrogation;Indéterminé;;;Maxime;2056;1086;2994;2089;1;1
;;;C:/Users/Maxime/Desktop/photos boîte 29/photos boîte 29/US105 avec interrogation/2025.682.JPG;Palmette;27;;France;Occitanie;Aude;Fanjeaux;Las Cravieros;622242.08;6231754;259;;105 avec interrogation;Indéterminé;;;Maxime;2668;2030;2989;2973;1;1
;;;C:/Users/Maxime/Desktop/photos boîte 29/photos boîte 29/US105 avec interrogation/2025.682.JPG;false positive (not a sherd);0;;France;Occitanie;Aude;Fanjeaux;Las Cravieros;622242.08;6231754;259;;105 avec interrogation;Indéterminé;;;Maxime;2774;162;2994;986;FP;1
;;;C:/Users/Maxime/Desktop/photos boîte 29/photos boîte 29/US105 avec interrogation/2025.682.JPG;false positive (not a sherd);0;;France;Occitanie;Aude;Fanjeaux;Las Cravieros;622242.08;6231754;259;;105 avec interrogation;Indéterminé;;;Maxime;5;1055;303;2624;FP;1
;;;C:/Users/Maxime/Desktop/photos boîte 29/photos boîte 29/US105 avec interrogation/2025.683.JPG;Geometrique;9;;France;Occitanie;Aude;Fanjeaux;Las Cravieros;622242.08;6231754;259;;105 avec interrogation;Indéterminé;;;Maxime;688;1881;1692;2975;1;1
;;;C:/Users/Maxime/Desktop/photos boîte 29/photos boîte 29/US105 avec interrogation/2025.683.JPG;Palmette;32;;France;Occitanie;Aude;Fanjeaux;Las Cravieros;622242.08;6231754;259;;105 avec interrogation;Indéterminé;;;Maxime;1183;924;1959;1995;other;1
;;;C:/Users/Maxime/Desktop/photos boîte 29/photos boîte 29/US105 avec interrogation/2025.683.JPG;Palmette;32;;France;Occitanie;Aude;Fanjeaux;Las Cravieros;622242.08;6231754;259;;105 avec interrogation;Indéterminé;;;Maxime;2025;937;2969;1976;other;1
;;;C:/Users/Maxime/Desktop/photos boîte 29/photos boîte 29/US105 avec interrogation/2025.683.JPG;Geo.;9;;France;Occitanie;Aude;Fanjeaux;Las Cravieros;622242.08;6231754;259;;105 avec interrogation;Indéterminé;;;Maxime;2704;1787;2995;2795;other;1
;;;C:/Users/Maxime/Desktop/photos boîte 29/photos boîte 29/US105 avec interrogation/2025.683.JPG;Geometrique;9;;France;Occitanie;Aude;Fanjeaux;Las Cravieros;622242.08;6231754;259;;105 avec interrogation;Indéterminé;;;Maxime;1700;2027;2721;2972;1;1
;;;C:/Users/Maxime/Desktop/photos boîte 29/photos boîte 29/US105 avec interrogation/2025.684.JPG;Palmette;26;;France;Occitanie;Aude;Fanjeaux;Las Cravieros;622242.08;6231754;259;;105 avec interrogation;Indéterminé;;;Maxime;954;1060;1298;1557;FN;
;;;C:/Users/Maxime/Desktop/photos boîte 29/photos boîte 29/US105 avec interrogation/2025.684.JPG;Palmette;26;;France;Occitanie;Aude;Fanjeaux;Las Cravieros;622242.08;6231754;259;;105 avec interrogation;Indéterminé;;;Maxime;1232;1214;1645;1764;FN;
;;;C:/Users/Maxime/Desktop/photos boîte 29/photos boîte 29/US105 avec interrogation/2025.684.JPG;Palmette;26;;France;Occitanie;Aude;Fanjeaux;Las Cravieros;622242.08;6231754;259;;105 avec interrogation;Indéterminé;;;Maxime;1667;1566;2068;2050;FN;
;;;C:/Users/Maxime/Desktop/photos boîte 29/photos boîte 29/US105 avec interrogation/2025.684.JPG;Palmette;26;;France;Occitanie;Aude;Fanjeaux;Las Cravieros;622242.08;6231754;259;;105 avec interrogation;Indéterminé;;;Maxime;2015;1799;2446;2195;FN;
;;;C:/Users/Maxime/Desktop/photos boîte 29/photos boîte 29/US105 avec interrogation/2025.684.JPG;Geometrique;9;;France;Occitanie;Aude;Fanjeaux;Las Cravieros;622242.08;6231754;259;;105 avec interrogation;Indéterminé;;;Maxime;2103;510;2946;1508;2;1
;;;C:/Users/Maxime/Desktop/photos boîte 29/photos boîte 29/US105 avec interrogation/2025.684.JPG;Geometrique;9;;France;Occitanie;Aude;Fanjeaux;Las Cravieros;622242.08;6231754;259;;105 avec interrogation;Indéterminé;;;Maxime;1276;5;2171;923;1;1
;;;C:/Users/Maxime/Desktop/photos boîte 29/photos boîte 29/US105 avec interrogation/2025.684.JPG;Geometrique;9;;France;Occitanie;Aude;Fanjeaux;Las Cravieros;622242.08;6231754;259;;105 avec interrogation;Indéterminé;;;Maxime;913;0;1465;182;1;1
;;;C:/Users/Maxime/Desktop/photos boîte 29/photos boîte 29/US105 avec interrogation/2025.684.JPG;Palmette;32;;France;Occitanie;Aude;Fanjeaux;Las Cravieros;622242.08;6231754;259;;105 avec interrogation;Indéterminé;;;Maxime;2308;0;2892;564;other;1
;;;C:/Users/Maxime/Desktop/photos boîte 29/photos boîte 29/US105 avec interrogation/2025.684.JPG;false positive (not a sherd);0;;France;Occitanie;Aude;Fanjeaux;Las Cravieros;622242.08;6231754;259;;105 avec interrogation;Indéterminé;;;Maxime;264;-2;1047;195;FP;1
;;;C:/Users/Maxime/Desktop/photos boîte 29/photos boîte 29/US105 avec interrogation/2025.684.JPG;false positive (not a sherd);0;;France;Occitanie;Aude;Fanjeaux;Las Cravieros;622242.08;6231754;259;;105 avec interrogation;Indéterminé;;;Maxime;5;1068;232;2568;FP;1
;;;C:/Users/Maxime/Desktop/photos boîte 29/photos boîte 29/US105 avec interrogation/2025.685.JPG;Geometrique;9;;France;Occitanie;Aude;Fanjeaux;Las Cravieros;622242.08;6231754;259;;105 avec interrogation;Indéterminé;;;Maxime;1116;1178;1878;2109;1;1
;;;C:/Users/Maxime/Desktop/photos boîte 29/photos boîte 29/US105 avec interrogation/2025.685.JPG;Geometrique;9;;France;Occitanie;Aude;Fanjeaux;Las Cravieros;622242.08;6231754;259;;105 avec interrogation;Indéterminé;;;Maxime;1755;1537;2427;2066;1;1
;;;C:/Users/Maxime/Desktop/photos boîte 29/photos boîte 29/US105 avec interrogation/2025.686.JPG;Geometrique;22;;France;Occitanie;Aude;Fanjeaux;Las Cravieros;622242.08;6231754;259;;105 avec interrogation;Indéterminé;;;Maxime;1068;912;2015;2035;1;1
;;;C:/Users/Maxime/Desktop/photos boîte 29/photos boîte 29/US105 avec interrogation/2025.686.JPG;Geometrique;22;;France;Occitanie;Aude;Fanjeaux;Las Cravieros;622242.08;6231754;259;;105 avec interrogation;Indéterminé;;;Maxime;2373;1220;2992;2280;2;1
;;;C:/Users/Maxime/Desktop/photos boîte 29/photos boîte 29/US105 avec interrogation/2025.686.JPG;Geometrique;22;;France;Occitanie;Aude;Fanjeaux;Las Cravieros;622242.08;6231754;259;;105 avec interrogation;Indéterminé;;;Maxime;1;1134;778;2184;1;1
;;;C:/Users/Maxime/Desktop/photos boîte 29/photos boîte 29/US105 avec interrogation/2025.715.JPG;Geometrique;9;;France;Occitanie;Aude;Fanjeaux;Las Cravieros;622242.08;6231754;259;;105 avec interrogation;Indéterminé;;;Maxime;2173;0;3000;557;1;1
;;;C:/Users/Maxime/Desktop/photos boîte 29/photos boîte 29/US105 avec interrogation/2025.715.JPG;Palmette;2;;France;Occitanie;Aude;Fanjeaux;Las Cravieros;622242.08;6231754;259;;105 avec interrogation;Indéterminé;;;Maxime;1398;692;2085;1852;other;1
;;;C:/Users/Maxime/Desktop/photos boîte 29/photos boîte 29/US105 avec interrogation/2025.715.JPG;Palmette;2;;France;Occitanie;Aude;Fanjeaux;Las Cravieros;622242.08;6231754;259;;105 avec interrogation;Indéterminé;;;Maxime;1773;972;2428;1887;FN;1
;;;C:/Users/Maxime/Desktop/photos boîte 29/photos boîte 29/US105 avec interrogation/2025.715.JPG;Palmette;2;;France;Occitanie;Aude;Fanjeaux;Las Cravieros;622242.08;6231754;259;;105 avec interrogation;Indéterminé;;;Maxime;2211;1001;2834;2146;other;1
;;;C:/Users/Maxime/Desktop/photos boîte 29/photos boîte 29/US105 avec interrogation/2025.715.JPG;Geometrique;9;;France;Occitanie;Aude;Fanjeaux;Las Cravieros;622242.08;6231754;259;;105 avec interrogation;Indéterminé;;;Maxime;1512;0;2327;228;3;1
;;;C:/Users/Maxime/Desktop/photos boîte 29/photos boîte 29/US105 avec interrogation/2025.715.JPG;false positive (not a sherd);0;;France;Occitanie;Aude;Fanjeaux;Las Cravieros;622242.08;6231754;259;;105 avec interrogation;Indéterminé;;;Maxime;2816;8;2993;651;FP;1
;;;C:/Users/Maxime/Desktop/photos boîte 29/photos boîte 29/US105 avec interrogation/2025.716.JPG;Geometrique;9;;France;Occitanie;Aude;Fanjeaux;Las Cravieros;622242.08;6231754;259;;105 avec interrogation;Indéterminé;;;Maxime;1694;177;2617;1029;1;1
;;;C:/Users/Maxime/Desktop/photos boîte 29/photos boîte 29/US105 avec interrogation/2025.716.JPG;Palmette;2;;France;Occitanie;Aude;Fanjeaux;Las Cravieros;622242.08;6231754;259;;105 avec interrogation;Indéterminé;;;Maxime;2569;1584;2890;1984;FN;1
;;;C:/Users/Maxime/Desktop/photos boîte 29/photos boîte 29/US105 avec interrogation/2025.716.JPG;Palmette;2;;France;Occitanie;Aude;Fanjeaux;Las Cravieros;622242.08;6231754;259;;105 avec interrogation;Indéterminé;;;Maxime;1663;1447;2182;2411;FN;1
;;;C:/Users/Maxime/Desktop/photos boîte 29/photos boîte 29/US105 avec interrogation/2025.716.JPG;Palmette;2;;France;Occitanie;Aude;Fanjeaux;Las Cravieros;622242.08;6231754;259;;105 avec interrogation;Indéterminé;;;Maxime;836;1232;1320;1931;FN;1
;;;C:/Users/Maxime/Desktop/photos boîte 29/photos boîte 29/US105 avec interrogation/2025.716.JPG;Palmette;2;;France;Occitanie;Aude;Fanjeaux;Las Cravieros;622242.08;6231754;259;;105 avec interrogation;Indéterminé;;;Maxime;2157;1516;2918;2597;other;1
;;;C:/Users/Maxime/Desktop/photos boîte 29/photos boîte 29/US105 avec interrogation/2025.716.JPG;Palmette;2;;France;Occitanie;Aude;Fanjeaux;Las Cravieros;622242.08;6231754;259;;105 avec interrogation;Indéterminé;;;Maxime;1258;1259;1910;2452;other;1
;;;C:/Users/Maxime/Desktop/photos boîte 29/photos boîte 29/US105 avec interrogation/2025.716.JPG;Geometrique;9;;France;Occitanie;Aude;Fanjeaux;Las Cravieros;622242.08;6231754;259;;105 avec interrogation;Indéterminé;;;Maxime;974;153;1651;868;1;1
;;;C:/Users/Maxime/Desktop/photos boîte 29/photos boîte 29/US105 avec interrogation/2025.716.JPG;Geometrique;9;;France;Occitanie;Aude;Fanjeaux;Las Cravieros;622242.08;6231754;259;;105 avec interrogation;Indéterminé;;;Maxime;2587;217;2994;1215;2;1
;;;C:/Users/Maxime/Desktop/photos boîte 29/photos boîte 29/US105 avec interrogation/2025.717.JPG;Palmette;2;;France;Occitanie;Aude;Fanjeaux;Las Cravieros;622242.08;6231754;259;;105 avec interrogation;Indéterminé;;;Maxime;2147;312;2640;616;FN;1
;;;C:/Users/Maxime/Desktop/photos boîte 29/photos boîte 29/US105 avec interrogation/2025.717.JPG;Palmette;2;;France;Occitanie;Aude;Fanjeaux;Las Cravieros;622242.08;6231754;259;;105 avec interrogation;Indéterminé;;;Maxime;2186;607;2956;1016;FN;1
;;;C:/Users/Maxime/Desktop/photos boîte 29/photos boîte 29/US105 avec interrogation/2025.717.JPG;Palmette;2;;France;Occitanie;Aude;Fanjeaux;Las Cravieros;622242.08;6231754;259;;105 avec interrogation;Indéterminé;;;Maxime;2204;1130;2943;1443;FN;1
;;;C:/Users/Maxime/Desktop/photos boîte 29/photos boîte 29/US105 avec interrogation/2025.717.JPG;Palmette;2;;France;Occitanie;Aude;Fanjeaux;Las Cravieros;622242.08;6231754;259;;105 avec interrogation;Indéterminé;;;Maxime;2217;1518;2978;1927;FN;1
;;;C:/Users/Maxime/Desktop/photos boîte 29/photos boîte 29/US105 avec interrogation/2025.717.JPG;Palmette;2;;France;Occitanie;Aude;Fanjeaux;Las Cravieros;622242.08;6231754;259;;105 avec interrogation;Indéterminé;;;Maxime;2318;1988;2965;2389;FN;1
;;;C:/Users/Maxime/Desktop/photos boîte 29/photos boîte 29/US105 avec interrogation/2025.717.JPG;Geo.;9;;France;Occitanie;Aude;Fanjeaux;Las Cravieros;622242.08;6231754;259;;105 avec interrogation;Indéterminé;;;Maxime;1157;1953;1944;2569;FN;1
;;;C:/Users/Maxime/Desktop/photos boîte 29/photos boîte 29/US105 avec interrogation/2025.717.JPG;Geo.;9;;France;Occitanie;Aude;Fanjeaux;Las Cravieros;622242.08;6231754;259;;105 avec interrogation;Indéterminé;;;Maxime;1025;959;1821;1958;FN;1
;;;C:/Users/Maxime/Desktop/photos boîte 29/photos boîte 29/US105 avec interrogation/2025.717.JPG;Geo.;9;;France;Occitanie;Aude;Fanjeaux;Las Cravieros;622242.08;6231754;259;;105 avec interrogation;Indéterminé;;;Maxime;1196;290;1720;1020;FN;1
;;;C:/Users/Maxime/Desktop/photos boîte 29/photos boîte 29/US105 avec interrogation/2025.717.JPG;false positive (not a sherd);0;;France;Occitanie;Aude;Fanjeaux;Las Cravieros;622242.08;6231754;259;;105 avec interrogation;Indéterminé;;;Maxime;2808;982;2989;2848;FP;1
;;;C:/Users/Maxime/Desktop/photos boîte 29/photos boîte 29/US105 avec interrogation/IMG_1188.JPG;Geo.;9;;France;Occitanie;Aude;Fanjeaux;Las Cravieros;622242.08;6231754;259;;105 avec interrogation;Indéterminé;;;Maxime;924;959;1355;1548;FN;1
;;;C:/Users/Maxime/Desktop/photos boîte 29/photos boîte 29/US105 avec interrogation/IMG_1188.JPG;Geo.;9;;France;Occitanie;Aude;Fanjeaux;Las Cravieros;622242.08;6231754;259;;105 avec interrogation;Indéterminé;;;Maxime;1381;858;1896;1245;FN;1
;;;C:/Users/Maxime/Desktop/photos boîte 29/photos boîte 29/US105 avec interrogation/IMG_1188.JPG;false positive (not a sherd);0;;France;Occitanie;Aude;Fanjeaux;Las Cravieros;622242.08;6231754;259;;105 avec interrogation;Indéterminé;;;Maxime;0;0;0;0;FP;1
;;;C:/Users/Maxime/Desktop/photos boîte 29/photos boîte 29/US105 avec interrogation/IMG_1192.JPG;Geo.;9;;France;Occitanie;Aude;Fanjeaux;Las Cravieros;622242.08;6231754;259;;105 avec interrogation;Indéterminé;;;Maxime;1012;1584;1606;2094;FN;1
;;;C:/Users/Maxime/Desktop/photos boîte 29/photos boîte 29/US105 avec interrogation/IMG_1192.JPG;Palmette;32;;France;Occitanie;Aude;Fanjeaux;Las Cravieros;622242.08;6231754;259;;105 avec interrogation;Indéterminé;;;Maxime;1139;1020;1664;1583;2;1
;;;C:/Users/Maxime/Desktop/photos boîte 29/photos boîte 29/US105 avec interrogation/IMG_1192.JPG;Palmette;32;;France;Occitanie;Aude;Fanjeaux;Las Cravieros;622242.08;6231754;259;;105 avec interrogation;Indéterminé;;;Maxime;705;1112;1123;1720;other;1
;;;C:/Users/Maxime/Desktop/photos boîte 29/photos boîte 29/US105 avec interrogation/IMG_1192.JPG;Geometrique;9;;France;Occitanie;Aude;Fanjeaux;Las Cravieros;622242.08;6231754;259;;105 avec interrogation;Indéterminé;;;Maxime;481;1601;1023;2166;3;1
;;;C:/Users/Maxime/Desktop/photos boîte 29/photos boîte 29/US105 avec interrogation/IMG_1192.JPG;Geometrique;9;;France;Occitanie;Aude;Fanjeaux;Las Cravieros;622242.08;6231754;259;;105 avec interrogation;Indéterminé;;;Maxime;1557;1372;2064;1958;3;1
;;;C:/Users/Maxime/Desktop/photos boîte 29/photos boîte 29/US105 avec interrogation/IMG_1196.JPG;Geo.;9;;France;Occitanie;Aude;Fanjeaux;Las Cravieros;622242.08;6231754;259;;105 avec interrogation;Indéterminé;;;Maxime;1544;1883;2160;2296;FN;1
;;;C:/Users/Maxime/Desktop/photos boîte 29/photos boîte 29/US105 avec interrogation/IMG_1196.JPG;Geometrique;9;;France;Occitanie;Aude;Fanjeaux;Las Cravieros;622242.08;6231754;259;;105 avec interrogation;Indéterminé;;;Maxime;963;1932;1799;2582;4;1
;;;C:/Users/Maxime/Desktop/photos boîte 29/photos boîte 29/US105 avec interrogation/IMG_1196.JPG;Geo.;9;;France;Occitanie;Aude;Fanjeaux;Las Cravieros;622242.08;6231754;259;;105 avec interrogation;Indéterminé;;;Maxime;493;1948;1050;2428;other;1
;;;C:/Users/Maxime/Desktop/photos boîte 29/photos boîte 29/US105 avec interrogation/IMG_1198.JPG;Geometrique;22;;France;Occitanie;Aude;Fanjeaux;Las Cravieros;622242.08;6231754;259;;105 avec interrogation;Indéterminé;;;Maxime;1703;951;2096;1333;1;1
;;;C:/Users/Maxime/Desktop/photos boîte 29/photos boîte 29/US105 avec interrogation/IMG_1198.JPG;Geometrique;22;;France;Occitanie;Aude;Fanjeaux;Las Cravieros;622242.08;6231754;259;;105 avec interrogation;Indéterminé;;;Maxime;840;907;1231;1291;1;1
;;;C:/Users/Maxime/Desktop/photos boîte 29/photos boîte 29/US105 avec interrogation/IMG_1198.JPG;Geometrique;22;;France;Occitanie;Aude;Fanjeaux;Las Cravieros;622242.08;6231754;259;;105 avec interrogation;Indéterminé;;;Maxime;1268;855;1653;1222;1;1
;;;C:/Users/Maxime/Desktop/photos boîte 29/photos boîte 29/US105 avec interrogation/IMG_1198.JPG;Geometrique;22;;France;Occitanie;Aude;Fanjeaux;Las Cravieros;622242.08;6231754;259;;105 avec interrogation;Indéterminé;;;Maxime;454;1041;854;1452;1;1
;;;C:/Users/Maxime/Desktop/photos boîte 29/photos boîte 29/US105 avec interrogation/IMG_1198.JPG;Geometrique;22;;France;Occitanie;Aude;Fanjeaux;Las Cravieros;622242.08;6231754;259;;105 avec interrogation;Indéterminé;;;Maxime;2059;1164;2513;1672;2;1
;;;C:/Users/Maxime/Desktop/photos boîte 29/photos boîte 29/US455/2025.687.JPG;Palmette;3;;France;Occitanie;Aude;Fanjeaux;Las Cravieros;622242.08;6231754;259;;455;Indéterminé;;;Maxime;1051;1183;2096;1882;other;1
;;;C:/Users/Maxime/Desktop/photos boîte 29/photos boîte 29/US455/2025.687.JPG;Palmette;3;;France;Occitanie;Aude;Fanjeaux;Las Cravieros;622242.08;6231754;259;;455;Indéterminé;;;Maxime;1217;696;2148;1431;other;1
;;;C:/Users/Maxime/Desktop/photos boîte 29/photos boîte 29/US455/2025.687.JPG;false positive (not a sherd);0;;France;Occitanie;Aude;Fanjeaux;Las Cravieros;622242.08;6231754;259;;455;Indéterminé;;;Maxime;3;973;183;2503;FP;1
;;;C:/Users/Maxime/Desktop/photos boîte 29/photos boîte 29/US455/2025.712.JPG;Palmette;3;;France;Occitanie;Aude;Fanjeaux;Las Cravieros;622242.08;6231754;259;;455;Indéterminé;;;Maxime;2213;726;2978;1267;FN;1
;;;C:/Users/Maxime/Desktop/photos boîte 29/photos boîte 29/US455/2025.712.JPG;Palmette;3;;France;Occitanie;Aude;Fanjeaux;Las Cravieros;622242.08;6231754;259;;455;Indéterminé;;;Maxime;1818;966;2982;1932;other;1
;;;C:/Users/Maxime/Desktop/photos boîte 29/photos boîte 29/US455/2025.712.JPG;false positive (not a sherd);0;;France;Occitanie;Aude;Fanjeaux;Las Cravieros;622242.08;6231754;259;;455;Indéterminé;;;Maxime;2706;554;2995;1399;FP;1
;;;C:/Users/Maxime/Desktop/photos boîte 29/photos boîte 29/US455/IMG_1141.JPG;Palmette;4;;France;Occitanie;Aude;Fanjeaux;Las Cravieros;622242.08;6231754;259;;455;Indéterminé;;;Maxime;1599;1468;1981;2199;other;1
;;;C:/Users/Maxime/Desktop/photos boîte 29/photos boîte 29/US455/IMG_1141.JPG;Palmette;4;;France;Occitanie;Aude;Fanjeaux;Las Cravieros;622242.08;6231754;259;;455;Indéterminé;;;Maxime;1309;1420;1635;2072;other;1
;;;C:/Users/Maxime/Desktop/photos boîte 29/photos boîte 29/US457/2025.688.JPG;Geo.;20;;France;Occitanie;Aude;Fanjeaux;Las Cravieros;622242.08;6231754;259;;457;Indéterminé;;;;1182;1013;1790;1920;1;1
;;;C:/Users/Maxime/Desktop/photos boîte 29/photos boîte 29/US457/2025.688.JPG;Geo.;20;;France;Occitanie;Aude;Fanjeaux;Las Cravieros;622242.08;6231754;259;;457;Indéterminé;;;;1923;1222;2523;2065;1;1
;;;C:/Users/Maxime/Desktop/photos boîte 29/photos boîte 29/US457/2025.688.JPG;Geo.;20;;France;Occitanie;Aude;Fanjeaux;Las Cravieros;622242.08;6231754;259;;457;Indéterminé;;;;547;952;1153;1873;2;1
;;;C:/Users/Maxime/Desktop/photos boîte 29/photos boîte 29/US457/IMG_1126.JPG;Geo.;20;;France;Occitanie;Aude;Fanjeaux;Las Cravieros;622242.08;6231754;259;;457;Indéterminé;;;;961;1605;1497;2310;1;1
;;;C:/Users/Maxime/Desktop/photos boîte 29/photos boîte 29/US457/IMG_1126.JPG;Geo.;20;;France;Occitanie;Aude;Fanjeaux;Las Cravieros;622242.08;6231754;259;;457;Indéterminé;;;;1591;1642;2103;2303;1;1
;;;C:/Users/Maxime/Desktop/photos boîte 29/photos boîte 29/US458/2025.689.JPG;Rouelle;36;;France;Occitanie;Aude;Fanjeaux;Las Cravieros;622242.08;6231754;259;;458;Indéterminé;;;;1099;1042;1980;2055;other;1
;;;C:/Users/Maxime/Desktop/photos boîte 29/photos boîte 29/US458/2025.690.JPG;Palmette;0;;France;Occitanie;Aude;Fanjeaux;Las Cravieros;622242.08;6231754;259;;458;Indéterminé;;;;1157;801;1865;1976;other;1
;;;C:/Users/Maxime/Desktop/photos boîte 29/photos boîte 29/US458/2025.690.JPG;Palmette;0;;France;Occitanie;Aude;Fanjeaux;Las Cravieros;622242.08;6231754;259;;458;Indéterminé;;;;1882;907;2549;1921;other;1
;;;C:/Users/Maxime/Desktop/photos boîte 29/photos boîte 29/US458/2025.690.JPG;Palmette;0;;France;Occitanie;Aude;Fanjeaux;Las Cravieros;622242.08;6231754;259;;458;Indéterminé;;;;586;694;1163;1734;other;1
;;;C:/Users/Maxime/Desktop/photos boîte 29/photos boîte 29/US458/IMG_1122.JPG;Rouelle;36;;France;Occitanie;Aude;Fanjeaux;Las Cravieros;622242.08;6231754;259;;458;Indéterminé;;;;1337;1115;1882;1490;other;1
;;;C:/Users/Maxime/Desktop/photos boîte 29/photos boîte 29/US458/IMG_1124.JPG;Palmette;0;;France;Occitanie;Aude;Fanjeaux;Las Cravieros;622242.08;6231754;259;;458;Indéterminé;;;;1146;1554;1663;2425;other;1
;;;C:/Users/Maxime/Desktop/photos boîte 29/photos boîte 29/US458/IMG_1124.JPG;Palmette;0;;France;Occitanie;Aude;Fanjeaux;Las Cravieros;622242.08;6231754;259;;458;Indéterminé;;;;765;1553;1152;2332;FN;1
;;;C:/Users/Maxime/Desktop/photos boîte 29/photos boîte 29/US458/IMG_1124.JPG;Palmette;0;;France;Occitanie;Aude;Fanjeaux;Las Cravieros;622242.08;6231754;259;;458;Indéterminé;;;;1691;1552;2180;2348;other;1
;;;C:/Users/Maxime/Desktop/photos boîte 29/photos boîte 29/US459/2025.691.JPG;Geo.;0;;France;Occitanie;Aude;Fanjeaux;Las Cravieros;622242.08;6231754;259;;459;Indéterminé;;;;1404;1448;1826;1966;other;2
;;;C:/Users/Maxime/Desktop/photos boîte 29/photos boîte 29/US459/2025.691.JPG;Geo.;0;;France;Occitanie;Aude;Fanjeaux;Las Cravieros;622242.08;6231754;259;;459;Indéterminé;;;;1924;1371;2182;1964;other;2
;;;C:/Users/Maxime/Desktop/photos boîte 29/photos boîte 29/US459/2025.691.JPG;Geo.;0;;France;Occitanie;Aude;Fanjeaux;Las Cravieros;622242.08;6231754;259;;459;Indéterminé;;;;1438;1060;1988;1381;FN;2
;;;C:/Users/Maxime/Desktop/photos boîte 29/photos boîte 29/US459/2025.691.JPG;Geo.;0;;France;Occitanie;Aude;Fanjeaux;Las Cravieros;622242.08;6231754;259;;459;Indéterminé;;;;1082;1073;1333;1412;FN;2
;;;C:/Users/Maxime/Desktop/photos boîte 29/photos boîte 29/US459/2025.691.JPG;false positive (not a sherd);0;;France;Occitanie;Aude;Fanjeaux;Las Cravieros;622242.08;6231754;259;;459;Indéterminé;;;;0;1016;160;2306;FP;1
;;;C:/Users/Maxime/Desktop/photos boîte 29/photos boîte 29/US459/2025.692.JPG;Rouelle;36;;France;Occitanie;Aude;Fanjeaux;Las Cravieros;622242.08;6231754;259;;459;Indéterminé;;;;895;1069;1877;2063;other;1
;;;C:/Users/Maxime/Desktop/photos boîte 29/photos boîte 29/US459/2025.692.JPG;Rouelle;36;;France;Occitanie;Aude;Fanjeaux;Las Cravieros;622242.08;6231754;259;;459;Indéterminé;;;;1821;1039;2762;2010;other;1
;;;C:/Users/Maxime/Desktop/photos boîte 29/photos boîte 29/US459/2025.692.JPG;Rouelle;36;;France;Occitanie;Aude;Fanjeaux;Las Cravieros;622242.08;6231754;259;;459;Indéterminé;;;;2658;1015;2991;1980;other;1
;;;C:/Users/Maxime/Desktop/photos boîte 29/photos boîte 29/US459/2025.692.JPG;Rouelle;36;;France;Occitanie;Aude;Fanjeaux;Las Cravieros;622242.08;6231754;259;;459;Indéterminé;;;;589;1185;951;2158;other;1
;;;C:/Users/Maxime/Desktop/photos boîte 29/photos boîte 29/US459/IMG_1128.JPG;Geo.;0;;France;Occitanie;Aude;Fanjeaux;Las Cravieros;622242.08;6231754;259;;459;Indéterminé;;;;1229;1642;1521;2000;other;2
;;;C:/Users/Maxime/Desktop/photos boîte 29/photos boîte 29/US459/IMG_1128.JPG;Geo.;0;;France;Occitanie;Aude;Fanjeaux;Las Cravieros;622242.08;6231754;259;;459;Indéterminé;;;;985;1452;1170;1685;FN;2
;;;C:/Users/Maxime/Desktop/photos boîte 29/photos boîte 29/US459/IMG_1128.JPG;Geo.;0;;France;Occitanie;Aude;Fanjeaux;Las Cravieros;622242.08;6231754;259;;459;Indéterminé;;;;1262;1381;1606;1632;FN;2
;;;C:/Users/Maxime/Desktop/photos boîte 29/photos boîte 29/US459/IMG_1128.JPG;Geo.;0;;France;Occitanie;Aude;Fanjeaux;Las Cravieros;622242.08;6231754;259;;459;Indéterminé;;;;1620;1581;1793;1975;other;2
;;;C:/Users/Maxime/Desktop/photos boîte 29/photos boîte 29/US459/IMG_1130.JPG;Rouelle;36;;France;Occitanie;Aude;Fanjeaux;Las Cravieros;622242.08;6231754;259;;459;Indéterminé;;;;1619;1264;2074;1715;other;1
;;;C:/Users/Maxime/Desktop/photos boîte 29/photos boîte 29/US459/IMG_1130.JPG;Rouelle;36;;France;Occitanie;Aude;Fanjeaux;Las Cravieros;622242.08;6231754;259;;459;Indéterminé;;;;1229;1260;1662;1715;other;1
;;;C:/Users/Maxime/Desktop/photos boîte 29/photos boîte 29/US459/IMG_1130.JPG;Rouelle;36;;France;Occitanie;Aude;Fanjeaux;Las Cravieros;622242.08;6231754;259;;459;Indéterminé;;;;794;1264;1244;1703;other;1
;;;C:/Users/Maxime/Desktop/photos boîte 29/photos boîte 29/US459/IMG_1130.JPG;Rouelle;36;;France;Occitanie;Aude;Fanjeaux;Las Cravieros;622242.08;6231754;259;;459;Indéterminé;;;;2078;1348;2324;1764;other;1
;;;C:/Users/Maxime/Desktop/photos boîte 29/photos boîte 29/US459/IMG_1130.JPG;Rouelle;36;;France;Occitanie;Aude;Fanjeaux;Las Cravieros;622242.08;6231754;259;;;Indéterminé;;;;642;1295;815;1766;other;1
;;;C:/Users/Maxime/Desktop/photos boîte 29/photos boîte 29/US476/2025.674.JPG;Palmette;9;;France;Occitanie;Aude;Fanjeaux;Las Cravieros;622242.08;6231754;259;;476;Indéterminé;;;Maxime;1151;1301;1785;1726;other;1
;;;C:/Users/Maxime/Desktop/photos boîte 29/photos boîte 29/US476/2025.674.JPG;Palmette;9;;France;Occitanie;Aude;Fanjeaux;Las Cravieros;622242.08;6231754;259;;476;Indéterminé;;;Maxime;1691;523;2109;915;other;1
;;;C:/Users/Maxime/Desktop/photos boîte 29/photos boîte 29/US476/2025.674.JPG;Palmette;9;;France;Occitanie;Aude;Fanjeaux;Las Cravieros;622242.08;6231754;259;;476;Indéterminé;;;Maxime;1247;769;1772;1253;other;1
;;;C:/Users/Maxime/Desktop/photos boîte 29/photos boîte 29/US476/2025.674.JPG;Rouelle;Inédit;Rouelle 29 mais en pas moche;France;Occitanie;Aude;Fanjeaux;Las Cravieros;622242.08;6231754;259;;476;Indéterminé;;;Maxime;1662;795;2434;1926;unguessable;1
;;;C:/Users/Maxime/Desktop/photos boîte 29/photos boîte 29/US476/2025.674.JPG;false positive (not a sherd);0;;France;Occitanie;Aude;Fanjeaux;Las Cravieros;622242.08;6231754;259;;476;Indéterminé;;;Maxime;2512;10;3002;759;FP;1
;;;C:/Users/Maxime/Desktop/photos boîte 29/photos boîte 29/US476/2025.674.JPG;Palmette;9;;France;Occitanie;Aude;Fanjeaux;Las Cravieros;622242.08;6231754;259;;476;Indéterminé;;;Maxime;1811;1501;2240;1901;other;1
;;;C:/Users/Maxime/Desktop/photos boîte 29/photos boîte 29/US476/2025.675.JPG;Rouelle;Inédit;Rouelle comme 29 mais en moins moche;France;Occitanie;Aude;Fanjeaux;Las Cravieros;622242.08;6231754;259;;476;Indéterminé;;;Maxime;1182;1156;1887;1891;unguessable;1
;;;C:/Users/Maxime/Desktop/photos boîte 29/photos boîte 29/US476/2025.675.JPG;Palmette;9;;France;Occitanie;Aude;Fanjeaux;Las Cravieros;622242.08;6231754;259;;476;Indéterminé;;;Maxime;938;1835;1383;2317;other;1
;;;C:/Users/Maxime/Desktop/photos boîte 29/photos boîte 29/US476/2025.675.JPG;Palmette;9;;France;Occitanie;Aude;Fanjeaux;Las Cravieros;622242.08;6231754;259;;476;Indéterminé;;;Maxime;779;1378;1258;1834;other;1
;;;C:/Users/Maxime/Desktop/photos boîte 29/photos boîte 29/US476/IMG_1115.JPG;Rouelle;Inédit;Rouelle comme 29 mais moins moche;France;Occitanie;Aude;Fanjeaux;Las Cravieros;622242.08;6231754;259;;476;Indéterminé;;;Maxime;1465;1318;2129;2020;unguessable;1
;;;C:/Users/Maxime/Desktop/photos boîte 29/photos boîte 29/US476/IMG_1115.JPG;Palmette;9;;France;Occitanie;Aude;Fanjeaux;Las Cravieros;622242.08;6231754;259;;476;Indéterminé;;;Maxime;1064;1532;1523;1983;other;1
;;;C:/Users/Maxime/Desktop/photos boîte 29/photos boîte 29/US476/IMG_1115.JPG;Palmette;9;;France;Occitanie;Aude;Fanjeaux;Las Cravieros;622242.08;6231754;259;;476;Indéterminé;;;Maxime;1724;1940;2204;2257;FN;1
;;;C:/Users/Maxime/Desktop/photos boîte 29/photos boîte 29/US476/IMG_1115.JPG;Palmette;9;;France;Occitanie;Aude;Fanjeaux;Las Cravieros;622242.08;6231754;259;;476;Indéterminé;;;Maxime;1163;1966;1799;2501;other;1
;;;C:/Users/Maxime/Desktop/photos boîte 29/photos boîte 29/US476/IMG_1115.JPG;Palmette;9;;France;Occitanie;Aude;Fanjeaux;Las Cravieros;622242.08;6231754;259;;476;Indéterminé;;;Maxime;1188;1161;1601;1566;FN;1
;;;C:/Users/Maxime/Desktop/photos boîte 29/photos boîte 29/US476/IMG_1115.JPG;false positive (not a sherd);0;;France;Occitanie;Aude;Fanjeaux;Las Cravieros;622242.08;6231754;259;;476;Indéterminé;;;Maxime;1639;2883;2174;2991;FP;1
;;;C:/Users/Maxime/Desktop/photos boîte 29/photos boîte 29/US491/2025.693.JPG;Rouelle;36;;France;Occitanie;Aude;Fanjeaux;Las Cravieros;622242.08;6231754;259;;491;Indéterminé;;;Maxime;1098;1195;2065;1979;other;1
;;;C:/Users/Maxime/Desktop/photos boîte 29/photos boîte 29/US491/2025.693.JPG;Rouelle;36;;France;Occitanie;Aude;Fanjeaux;Las Cravieros;622242.08;6231754;259;;491;Indéterminé;;;Maxime;362;1079;981;1831;other;1
;;;C:/Users/Maxime/Desktop/photos boîte 29/photos boîte 29/US491/2025.693.JPG;Rouelle;36;;France;Occitanie;Aude;Fanjeaux;Las Cravieros;622242.08;6231754;259;;491;Indéterminé;;;Maxime;2122;1446;2994;2208;other;1
;;;C:/Users/Maxime/Desktop/photos boîte 29/photos boîte 29/US491/2025.694.JPG;Rouelle;6;;France;Occitanie;Aude;Fanjeaux;Las Cravieros;622242.08;6231754;259;;491;Indéterminé;;;Maxime;1226;1159;1731;1686;3;1
;;;C:/Users/Maxime/Desktop/photos boîte 29/photos boîte 29/US491/2025.694.JPG;Rouelle;6;;France;Occitanie;Aude;Fanjeaux;Las Cravieros;622242.08;6231754;259;;491;Indéterminé;;;Maxime;731;1121;1177;1647;other;1
;;;C:/Users/Maxime/Desktop/photos boîte 29/photos boîte 29/US491/2025.694.JPG;Rouelle;6;;France;Occitanie;Aude;Fanjeaux;Las Cravieros;622242.08;6231754;259;;491;Indéterminé;;;Maxime;1746;1124;2013;1621;other;1
;;;C:/Users/Maxime/Desktop/photos boîte 29/photos boîte 29/US491/2025.695.JPG;Rouelle;0;;France;Occitanie;Aude;Fanjeaux;Las Cravieros;622242.08;6231754;259;;491;Indéterminé;;;Maxime;2110;1095;2985;2007;other;1
;;;C:/Users/Maxime/Desktop/photos boîte 29/photos boîte 29/US491/2025.695.JPG;Rouelle;0;;France;Occitanie;Aude;Fanjeaux;Las Cravieros;622242.08;6231754;259;;491;Indéterminé;;;Maxime;1148;1059;2023;2020;other;1
;;;C:/Users/Maxime/Desktop/photos boîte 29/photos boîte 29/US491/2025.695.JPG;false positive (not a sherd);0;;France;Occitanie;Aude;Fanjeaux;Las Cravieros;622242.08;6231754;259;;491;Indéterminé;;;Maxime;2220;0;2872;601;FP;1
;;;C:/Users/Maxime/Desktop/photos boîte 29/photos boîte 29/US491/2025.695.JPG;false positive (not a sherd);0;;France;Occitanie;Aude;Fanjeaux;Las Cravieros;622242.08;6231754;259;;491;Indéterminé;;;Maxime;0;1236;184;2399;FP;1
;;;C:/Users/Maxime/Desktop/photos boîte 29/photos boîte 29/US491/2025.695.JPG;false positive (not a sherd);0;;France;Occitanie;Aude;Fanjeaux;Las Cravieros;622242.08;6231754;259;;491;Indéterminé;;;Maxime;2774;0;2995;875;FP;1
;;;C:/Users/Maxime/Desktop/photos boîte 29/photos boîte 29/US491/2025.696.JPG;Palmette;0;;France;Occitanie;Aude;Fanjeaux;Las Cravieros;622242.08;6231754;259;;491;Indéterminé;;;Maxime;1140;1037;1760;2058;other;1
;;;C:/Users/Maxime/Desktop/photos boîte 29/photos boîte 29/US491/2025.696.JPG;Unknown;Unknown;;France;Occitanie;Aude;Fanjeaux;Las Cravieros;622242.08;6231754;259;;491;Indéterminé;;;Maxime;1974;1284;2376;1699;unguessable;1
;;;C:/Users/Maxime/Desktop/photos boîte 29/photos boîte 29/US491/2025.697.JPG;Palmette;0;;France;Occitanie;Aude;Fanjeaux;Las Cravieros;622242.08;6231754;259;;491;Indéterminé;;;Maxime;1312;1081;1724;1891;other;1
;;;C:/Users/Maxime/Desktop/photos boîte 29/photos boîte 29/US491/2025.697.JPG;false positive (not a sherd);0;;France;Occitanie;Aude;Fanjeaux;Las Cravieros;622242.08;6231754;259;;491;Indéterminé;;;Maxime;-1;717;126;1139;FP;1
;;;C:/Users/Maxime/Desktop/photos boîte 29/photos boîte 29/US491/2025.698.JPG;Rouelle;6;;France;Occitanie;Aude;Fanjeaux;Las Cravieros;622242.08;6231754;259;;491;Indéterminé;;;Maxime;1863;1319;2365;1888;4;1
;;;C:/Users/Maxime/Desktop/photos boîte 29/photos boîte 29/US491/2025.698.JPG;Rouelle;6;;France;Occitanie;Aude;Fanjeaux;Las Cravieros;622242.08;6231754;259;;491;Indéterminé;;;Maxime;1277;1283;1791;1832;3;1
;;;C:/Users/Maxime/Desktop/photos boîte 29/photos boîte 29/US491/2025.698.JPG;Rouelle;6;;France;Occitanie;Aude;Fanjeaux;Las Cravieros;622242.08;6231754;259;;491;Indéterminé;;;Maxime;823;1232;1242;1811;3;1
;;;C:/Users/Maxime/Desktop/photos boîte 29/photos boîte 29/US491/2025.698.JPG;Rouelle;6;;France;Occitanie;Aude;Fanjeaux;Las Cravieros;622242.08;6231754;259;;491;Indéterminé;;;Maxime;2359;1321;2763;1757;4;1
;;;C:/Users/Maxime/Desktop/photos boîte 29/photos boîte 29/US491/2025.699.JPG;Palmette;0;;France;Occitanie;Aude;Fanjeaux;Las Cravieros;622242.08;6231754;259;;491;Indéterminé;;;Maxime;1056;1096;1929;1736;other;1
;;;C:/Users/Maxime/Desktop/photos boîte 29/photos boîte 29/US491/2025.700.JPG;Rouelle;14;;France;Occitanie;Aude;Fanjeaux;Las Cravieros;622242.08;6231754;259;;491;Indéterminé;;;Maxime;1127;1176;1750;1859;other;1
;;;C:/Users/Maxime/Desktop/photos boîte 29/photos boîte 29/US491/2025.700.JPG;Rouelle;14;;France;Occitanie;Aude;Fanjeaux;Las Cravieros;622242.08;6231754;259;;491;Indéterminé;;;Maxime;1715;1180;2206;1830;4;1
;;;C:/Users/Maxime/Desktop/photos boîte 29/photos boîte 29/US491/2025.700.JPG;Rouelle;14;;France;Occitanie;Aude;Fanjeaux;Las Cravieros;622242.08;6231754;259;;491;Indéterminé;;;Maxime;612;1499;1164;1968;other;1
;;;C:/Users/Maxime/Desktop/photos boîte 29/photos boîte 29/US491/2025.700.JPG;false positive (not a sherd);0;;France;Occitanie;Aude;Fanjeaux;Las Cravieros;622242.08;6231754;259;;491;Indéterminé;;;Maxime;0;2039;142;2734;FP;1
;;;C:/Users/Maxime/Desktop/photos boîte 29/photos boîte 29/US491/2025.701.JPG;Rouelle;Inédit;Rouelle inédite avec des pointillés dans le milieu.;France;Occitanie;Aude;Fanjeaux;Las Cravieros;622242.08;6231754;259;;491;Indéterminé;;;Maxime;1042;1003;1992;2004;unguessable;1
;;;C:/Users/Maxime/Desktop/photos boîte 29/photos boîte 29/US491/2025.702.JPG;Palmette;0;;France;Occitanie;Aude;Fanjeaux;Las Cravieros;622242.08;6231754;259;;491;Indéterminé;;;Maxime;1084;1090;2358;2158;other;1
;;;C:/Users/Maxime/Desktop/photos boîte 29/photos boîte 29/US491/2025.703.JPG;Palmette;19;;France;Occitanie;Aude;Fanjeaux;Las Cravieros;622242.08;6231754;259;;491;Indéterminé;;;Maxime;70;1179;774;1953;FN;1
;;;C:/Users/Maxime/Desktop/photos boîte 29/photos boîte 29/US491/2025.703.JPG;Rouelle;6;;France;Occitanie;Aude;Fanjeaux;Las Cravieros;622242.08;6231754;259;;491;Indéterminé;;;Maxime;1872;2350;2347;2861;3;2
;;;C:/Users/Maxime/Desktop/photos boîte 29/photos boîte 29/US491/2025.703.JPG;Rouelle;6;;France;Occitanie;Aude;Fanjeaux;Las Cravieros;622242.08;6231754;259;;491;Indéterminé;;;Maxime;966;2116;1426;2589;other;2
;;;C:/Users/Maxime/Desktop/photos boîte 29/photos boîte 29/US491/2025.703.JPG;Palmette;19;;France;Occitanie;Aude;Fanjeaux;Las Cravieros;622242.08;6231754;259;;491;Indéterminé;;;Maxime;667;902;2023;1995;1;1
;;;C:/Users/Maxime/Desktop/photos boîte 29/photos boîte 29/US491/2025.703.JPG;Rouelle;6;;France;Occitanie;Aude;Fanjeaux;Las Cravieros;622242.08;6231754;259;;491;Indéterminé;;;Maxime;1454;2139;1964;2611;4;2
;;;C:/Users/Maxime/Desktop/photos boîte 29/photos boîte 29/US491/2025.703.JPG;Rouelle;6;;France;Occitanie;Aude;Fanjeaux;Las Cravieros;622242.08;6231754;259;;491;Indéterminé;;;Maxime;2279;2563;2770;2994;3;2
;;;C:/Users/Maxime/Desktop/photos boîte 29/photos boîte 29/US491/2025.703.JPG;Rouelle;6;;France;Occitanie;Aude;Fanjeaux;Las Cravieros;622242.08;6231754;259;;491;Indéterminé;;;Maxime;1409;2715;1931;2976;other;2
;;;C:/Users/Maxime/Desktop/photos boîte 29/photos boîte 29/US491/2025.703.JPG;Rouelle;6;;France;Occitanie;Aude;Fanjeaux;Las Cravieros;622242.08;6231754;259;;491;Indéterminé;;;Maxime;1091;2706;1408;2956;FN;2
;;;C:/Users/Maxime/Desktop/photos boîte 29/photos boîte 29/US491/2025.703.JPG;Palmette;19;;France;Occitanie;Aude;Fanjeaux;Las Cravieros;622242.08;6231754;259;;491;Indéterminé;;;Maxime;1933;1483;2998;2368;1;1
;;;C:/Users/Maxime/Desktop/photos boîte 29/photos boîte 29/US491/2025.703.JPG;false positive (not a sherd);0;;France;Occitanie;Aude;Fanjeaux;Las Cravieros;622242.08;6231754;259;;491;Indéterminé;;;Maxime;2686;2884;2996;2993;FP;1
;;;C:/Users/Maxime/Desktop/photos boîte 29/photos boîte 29/US491/2025.704.JPG;Rouelle;6;;France;Occitanie;Aude;Fanjeaux;Las Cravieros;622242.08;6231754;259;;491;Indéterminé;;;Maxime;1283;1232;1780;1727;3;2
;;;C:/Users/Maxime/Desktop/photos boîte 29/photos boîte 29/US491/2025.704.JPG;Rouelle;6;;France;Occitanie;Aude;Fanjeaux;Las Cravieros;622242.08;6231754;259;;491;Indéterminé;;;Maxime;1557;1790;1962;1980;FN;2
;;;C:/Users/Maxime/Desktop/photos boîte 29/photos boîte 29/US491/2025.704.JPG;Rouelle;6;;France;Occitanie;Aude;Fanjeaux;Las Cravieros;622242.08;6231754;259;;491;Indéterminé;;;Maxime;1751;1245;2245;1741;2;2
;;;C:/Users/Maxime/Desktop/photos boîte 29/photos boîte 29/US491/2025.704.JPG;Rouelle;6;;France;Occitanie;Aude;Fanjeaux;Las Cravieros;622242.08;6231754;259;;491;Indéterminé;;;Maxime;358;1405;809;1878;other;2
;;;C:/Users/Maxime/Desktop/photos boîte 29/photos boîte 29/US491/2025.704.JPG;Rouelle;6;;France;Occitanie;Aude;Fanjeaux;Las Cravieros;622242.08;6231754;259;;491;Indéterminé;;;Maxime;814;1207;1313;1684;3;2
;;;C:/Users/Maxime/Desktop/photos boîte 29/photos boîte 29/US491/2025.704.JPG;Rouelle;6;;France;Occitanie;Aude;Fanjeaux;Las Cravieros;622242.08;6231754;259;;491;Indéterminé;;;Maxime;2246;1472;2706;1824;1;2
;;;C:/Users/Maxime/Desktop/photos boîte 29/photos boîte 29/US491/2025.704.JPG;Rouelle;6;;France;Occitanie;Aude;Fanjeaux;Las Cravieros;622242.08;6231754;259;;491;Indéterminé;;;Maxime;1020;1763;1547;2173;3;2
;;;C:/Users/Maxime/Desktop/photos boîte 29/photos boîte 29/US491/2025.704.JPG;Palmette;19;;France;Occitanie;Aude;Fanjeaux;Las Cravieros;622242.08;6231754;259;;491;Indéterminé;;;Maxime;-1;149;1130;1461;1;1
;;;C:/Users/Maxime/Desktop/photos boîte 29/photos boîte 29/US491/2025.704.JPG;Palmette;19;;France;Occitanie;Aude;Fanjeaux;Las Cravieros;622242.08;6231754;259;;491;Indéterminé;;;Maxime;1055;451;2333;976;1;1
;;;C:/Users/Maxime/Desktop/photos boîte 29/photos boîte 29/US491/2025.704.JPG;Rouelle;6;;France;Occitanie;Aude;Fanjeaux;Las Cravieros;622242.08;6231754;259;;491;Indéterminé;;;Maxime;616;1977;1068;2233;other;2
;;;C:/Users/Maxime/Desktop/photos boîte 29/photos boîte 29/US491/2025.705.JPG;Geo.;16;;France;Occitanie;Aude;Fanjeaux;Las Cravieros;622242.08;6231754;259;;491;Indéterminé;;Bord;Maxime;1445;1031;1979;1850;other;1
;;;C:/Users/Maxime/Desktop/photos boîte 29/photos boîte 29/US491/2025.705.JPG;Geo.;16;;France;Occitanie;Aude;Fanjeaux;Las Cravieros;622242.08;6231754;259;;491;Indéterminé;;Bord;Maxime;998;1025;1500;1874;FN;1
;;;C:/Users/Maxime/Desktop/photos boîte 29/photos boîte 29/US491/2025.705.JPG;Réticulé;16;;France;Occitanie;Aude;Fanjeaux;Las Cravieros;622242.08;6231754;259;;491;Indéterminé;;Bord;Maxime;734;1064;1082;1830;FN;1
;;;C:/Users/Maxime/Desktop/photos boîte 29/photos boîte 29/US491/2025.705.JPG;Geo.;16;;France;Occitanie;Aude;Fanjeaux;Las Cravieros;622242.08;6231754;259;;491;Indéterminé;;Bord;Maxime;272;1100;699;1909;FN;1
;;;C:/Users/Maxime/Desktop/photos boîte 29/photos boîte 29/US491/2025.705.JPG;Geo.;16;;France;Occitanie;Aude;Fanjeaux;Las Cravieros;622242.08;6231754;259;;491;Indéterminé;;Bord;Maxime;0;1047;396;1786;FN;1
;;;C:/Users/Maxime/Desktop/photos boîte 29/photos boîte 29/US491/2025.705.JPG;false positive (not a sherd);0;;France;Occitanie;Aude;Fanjeaux;Las Cravieros;622242.08;6231754;259;;491;Indéterminé;;Bord;Maxime;639;1046;1450;1852;FP;1
;;;C:/Users/Maxime/Desktop/photos boîte 29/photos boîte 29/US491/2025.705.JPG;false positive (not a sherd);0;;France;Occitanie;Aude;Fanjeaux;Las Cravieros;622242.08;6231754;259;;491;Indéterminé;;Bord;Maxime;3;1089;759;1860;FP;1
;;;C:/Users/Maxime/Desktop/photos boîte 29/photos boîte 29/US491/2025.706.JPG;Unknown;Unknown;;France;Occitanie;Aude;Fanjeaux;Las Cravieros;622242.08;6231754;259;;491;Indéterminé;;;Maxime;1446;1166;2201;2050;unguessable;1
;;;C:/Users/Maxime/Desktop/photos boîte 29/photos boîte 29/US491/2025.706.JPG;false positive (not a sherd);0;;France;Occitanie;Aude;Fanjeaux;Las Cravieros;622242.08;6231754;259;;491;Indéterminé;;;Maxime;2724;1;2993;631;FP;1
;;;C:/Users/Maxime/Desktop/photos boîte 29/photos boîte 29/US491/2025.707.JPG;Palmette;0;;France;Occitanie;Aude;Fanjeaux;Las Cravieros;622242.08;6231754;259;;491;Indéterminé;;;Maxime;1007;1658;1865;2736;FN;1
;;;C:/Users/Maxime/Desktop/photos boîte 29/photos boîte 29/US491/2025.707.JPG;Palmette;0;;France;Occitanie;Aude;Fanjeaux;Las Cravieros;622242.08;6231754;259;;491;Indéterminé;;;Maxime;1909;1496;2692;2428;FN;1
;;;C:/Users/Maxime/Desktop/photos boîte 29/photos boîte 29/US491/2025.707.JPG;false positive (not a sherd);0;;France;Occitanie;Aude;Fanjeaux;Las Cravieros;622242.08;6231754;259;;491;Indéterminé;;;Maxime;1500;1610;2373;2786;FP;1
;;;C:/Users/Maxime/Desktop/photos boîte 29/photos boîte 29/US491/2025.708.JPG;Rouelle;6;;France;Occitanie;Aude;Fanjeaux;Las Cravieros;622242.08;6231754;259;;491;Indéterminé;;Bord;Maxime;1752;1248;2241;1738;2;1
;;;C:/Users/Maxime/Desktop/photos boîte 29/photos boîte 29/US491/2025.708.JPG;Rouelle;6;;France;Occitanie;Aude;Fanjeaux;Las Cravieros;622242.08;6231754;259;;491;Indéterminé;;Bord;Maxime;1256;1266;1747;1786;2;1
;;;C:/Users/Maxime/Desktop/photos boîte 29/photos boîte 29/US491/2025.708.JPG;Rouelle;6;;France;Occitanie;Aude;Fanjeaux;Las Cravieros;622242.08;6231754;259;;491;Indéterminé;;Bord;Maxime;2318;1310;2783;1774;3;1
;;;C:/Users/Maxime/Desktop/photos boîte 29/photos boîte 29/US491/2025.708.JPG;Rouelle;6;;France;Occitanie;Aude;Fanjeaux;Las Cravieros;622242.08;6231754;259;;491;Indéterminé;;Bord;Maxime;738;1301;1229;1808;other;1
;;;C:/Users/Maxime/Desktop/photos boîte 29/photos boîte 29/US491/2025.708.JPG;Rouelle;6;;France;Occitanie;Aude;Fanjeaux;Las Cravieros;622242.08;6231754;259;;491;Indéterminé;;Bord;Maxime;2851;1374;2992;1791;other;1
;;;C:/Users/Maxime/Desktop/photos boîte 29/photos boîte 29/US491/2025.709.JPG;Rouelle;6;;France;Occitanie;Aude;Fanjeaux;Las Cravieros;622242.08;6231754;259;;491;Indéterminé;;Bord;Maxime;1730;1284;2217;1758;3;1
;;;C:/Users/Maxime/Desktop/photos boîte 29/photos boîte 29/US491/2025.709.JPG;Rouelle;6;;France;Occitanie;Aude;Fanjeaux;Las Cravieros;622242.08;6231754;259;;491;Indéterminé;;Bord;Maxime;1237;1277;1744;1818;2;1
;;;C:/Users/Maxime/Desktop/photos boîte 29/photos boîte 29/US491/2025.709.JPG;Rouelle;6;;France;Occitanie;Aude;Fanjeaux;Las Cravieros;622242.08;6231754;259;;491;Indéterminé;;Bord;Maxime;2218;1285;2648;1642;1;1
;;;C:/Users/Maxime/Desktop/photos boîte 29/photos boîte 29/US491/2025.710.JPG;Rouelle;13;;France;Occitanie;Aude;Fanjeaux;Las Cravieros;622242.08;6231754;259;;491;Indéterminé;;Bord;Maxime;1018;1204;1905;1914;other;1
;;;C:/Users/Maxime/Desktop/photos boîte 29/photos boîte 29/US491/2025.710.JPG;Rouelle;13;;France;Occitanie;Aude;Fanjeaux;Las Cravieros;622242.08;6231754;259;;491;Indéterminé;;Bord;Maxime;167;1215;1010;1860;other;1
;;;C:/Users/Maxime/Desktop/photos boîte 29/photos boîte 29/US491/2025.713.JPG;Rouelle;13;;France;Occitanie;Aude;Fanjeaux;Las Cravieros;622242.08;6231754;259;;491;Indéterminé;;;Maxime;1903;1743;2750;2369;other;1
;;;C:/Users/Maxime/Desktop/photos boîte 29/photos boîte 29/US491/2025.713.JPG;Rouelle;13;;France;Occitanie;Aude;Fanjeaux;Las Cravieros;622242.08;6231754;259;;491;Indéterminé;;;Maxime;1726;1268;2592;1823;other;1
;;;C:/Users/Maxime/Desktop/photos boîte 29/photos boîte 29/US491/2025.713.JPG;Rouelle;13;;France;Occitanie;Aude;Fanjeaux;Las Cravieros;622242.08;6231754;259;;491;Indéterminé;;;Maxime;2350;2269;2846;2731;other;1
;;;C:/Users/Maxime/Desktop/photos boîte 29/photos boîte 29/US491/2025.714.JPG;Rouelle;6;;France;Occitanie;Aude;Fanjeaux;Las Cravieros;622242.08;6231754;259;;491;Indéterminé;;;Maxime;1716;1386;2138;1654;FN;2
;;;C:/Users/Maxime/Desktop/photos boîte 29/photos boîte 29/US491/2025.714.JPG;Rouelle;6;;France;Occitanie;Aude;Fanjeaux;Las Cravieros;622242.08;6231754;259;;491;Indéterminé;;;Maxime;1589;850;2069;1356;4;2
;;;C:/Users/Maxime/Desktop/photos boîte 29/photos boîte 29/US491/2025.714.JPG;Rouelle;6;;France;Occitanie;Aude;Fanjeaux;Las Cravieros;622242.08;6231754;259;;491;Indéterminé;;;Maxime;648;770;1092;1251;other;2
;;;C:/Users/Maxime/Desktop/photos boîte 29/photos boîte 29/US491/2025.714.JPG;Rouelle;6;;France;Occitanie;Aude;Fanjeaux;Las Cravieros;622242.08;6231754;259;;491;Indéterminé;;;Maxime;1120;710;1640;1181;3;2
;;;C:/Users/Maxime/Desktop/photos boîte 29/photos boîte 29/US491/2025.714.JPG;Rouelle;6;;France;Occitanie;Aude;Fanjeaux;Las Cravieros;622242.08;6231754;259;;491;Indéterminé;;;Maxime;2033;989;2522;1486;2;2
;;;C:/Users/Maxime/Desktop/photos boîte 29/photos boîte 29/US491/2025.714.JPG;Rouelle;6;;France;Occitanie;Aude;Fanjeaux;Las Cravieros;622242.08;6231754;259;;491;Indéterminé;;;Maxime;1197;1302;1706;1634;3;2
;;;C:/Users/Maxime/Desktop/photos boîte 29/photos boîte 29/US491/2025.714.JPG;Rouelle;6;;France;Occitanie;Aude;Fanjeaux;Las Cravieros;622242.08;6231754;259;;491;Indéterminé;;;Maxime;752;1280;1205;1760;FN;2
;;;C:/Users/Maxime/Desktop/photos boîte 29/photos boîte 29/US491/2025.714.JPG;Rouelle;6;;France;Occitanie;Aude;Fanjeaux;Las Cravieros;622242.08;6231754;259;;491;Indéterminé;;;Maxime;2456;1324;2911;1651;1;2
;;;C:/Users/Maxime/Desktop/photos boîte 29/photos boîte 29/US491/2025.714.JPG;Palmette;19;;France;Occitanie;Aude;Fanjeaux;Las Cravieros;622242.08;6231754;259;;491;Indéterminé;;;Maxime;248;-1;1568;704;1;1
;;;C:/Users/Maxime/Desktop/photos boîte 29/photos boîte 29/US491/2025.714.JPG;Palmette;19;;France;Occitanie;Aude;Fanjeaux;Las Cravieros;622242.08;6231754;259;;491;Indéterminé;;;Maxime;1488;-1;2890;782;1;1
;;;C:/Users/Maxime/Desktop/photos boîte 29/photos boîte 29/US491/2025.714.JPG;Palmette;19;;France;Occitanie;Aude;Fanjeaux;Las Cravieros;622242.08;6231754;259;;491;Indéterminé;;;Maxime;1;9;304;829;other;1
;;;C:/Users/Maxime/Desktop/photos boîte 29/photos boîte 29/US491/2025.714.JPG;false positive (not a sherd);0;;France;Occitanie;Aude;Fanjeaux;Las Cravieros;622242.08;6231754;259;;491;Indéterminé;;;Maxime;2739;9;2994;1159;FP;1
;;;C:/Users/Maxime/Desktop/photos boîte 29/photos boîte 29/US491/IMG_1152.JPG;Rouelle;36;;France;Occitanie;Aude;Fanjeaux;Las Cravieros;622242.08;6231754;259;;491;Indéterminé;;;Maxime;871;1852;1629;2456;other;1
;;;C:/Users/Maxime/Desktop/photos boîte 29/photos boîte 29/US491/IMG_1152.JPG;Rouelle;36;;France;Occitanie;Aude;Fanjeaux;Las Cravieros;622242.08;6231754;259;;491;Indéterminé;;;Maxime;260;1896;810;2384;other;1
;;;C:/Users/Maxime/Desktop/photos boîte 29/photos boîte 29/US491/IMG_1152.JPG;Rouelle;36;;France;Occitanie;Aude;Fanjeaux;Las Cravieros;622242.08;6231754;259;;491;Indéterminé;;;Maxime;1692;1902;2417;2504;other;1
;;;C:/Users/Maxime/Desktop/photos boîte 29/photos boîte 29/US491/IMG_1154.JPG;Rouelle;6;;France;Occitanie;Aude;Fanjeaux;Las Cravieros;622242.08;6231754;259;;491;Indéterminé;;;Maxime;1323;1810;1740;2207;3;1
;;;C:/Users/Maxime/Desktop/photos boîte 29/photos boîte 29/US491/IMG_1154.JPG;Rouelle;6;;France;Occitanie;Aude;Fanjeaux;Las Cravieros;622242.08;6231754;259;;491;Indéterminé;;;Maxime;944;1819;1280;2191;other;1
;;;C:/Users/Maxime/Desktop/photos boîte 29/photos boîte 29/US491/IMG_1156.JPG;Rouelle;0;;France;Occitanie;Aude;Fanjeaux;Las Cravieros;622242.08;6231754;259;;491;Indéterminé;;;Maxime;1247;1304;1721;1787;other;1
;;;C:/Users/Maxime/Desktop/photos boîte 29/photos boîte 29/US491/IMG_1156.JPG;Rouelle;0;;France;Occitanie;Aude;Fanjeaux;Las Cravieros;622242.08;6231754;259;;491;Indéterminé;;;Maxime;1724;1347;2171;1842;other;1
;;;C:/Users/Maxime/Desktop/photos boîte 29/photos boîte 29/US491/IMG_1156.JPG;Rouelle;0;;France;Occitanie;Aude;Fanjeaux;Las Cravieros;622242.08;6231754;259;;491;Indéterminé;;;Maxime;808;1277;1285;1755;other;1
;;;C:/Users/Maxime/Desktop/photos boîte 29/photos boîte 29/US491/IMG_1158.JPG;Palmette;0;;France;Occitanie;Aude;Fanjeaux;Las Cravieros;622242.08;6231754;259;;491;Indéterminé;;;Maxime;690;1509;1113;2068;FN;1
;;;C:/Users/Maxime/Desktop/photos boîte 29/photos boîte 29/US491/IMG_1158.JPG;Palmette;0;;France;Occitanie;Aude;Fanjeaux;Las Cravieros;622242.08;6231754;259;;491;Indéterminé;;;Maxime;1173;1578;1757;2367;other;1
;;;C:/Users/Maxime/Desktop/photos boîte 29/photos boîte 29/US491/IMG_1160.JPG;Palmette;0;;France;Occitanie;Aude;Fanjeaux;Las Cravieros;622242.08;6231754;259;;491;Indéterminé;;;Maxime;1136;2019;1449;2501;other;1
;;;C:/Users/Maxime/Desktop/photos boîte 29/photos boîte 29/US491/IMG_1160.JPG;false positive (not a sherd);0;;France;Occitanie;Aude;Fanjeaux;Las Cravieros;622242.08;6231754;259;;491;Indéterminé;;;Maxime;522;2866;983;2991;FP;1
;;;C:/Users/Maxime/Desktop/photos boîte 29/photos boîte 29/US491/IMG_1162.JPG;Rouelle;6;;France;Occitanie;Aude;Fanjeaux;Las Cravieros;622242.08;6231754;259;;491;Indéterminé;;;Maxime;1343;1685;1687;2037;4;1
;;;C:/Users/Maxime/Desktop/photos boîte 29/photos boîte 29/US491/IMG_1162.JPG;Rouelle;6;;France;Occitanie;Aude;Fanjeaux;Las Cravieros;622242.08;6231754;259;;491;Indéterminé;;;Maxime;942;1650;1286;2006;other;1
;;;C:/Users/Maxime/Desktop/photos boîte 29/photos boîte 29/US491/IMG_1162.JPG;Rouelle;6;;France;Occitanie;Aude;Fanjeaux;Las Cravieros;622242.08;6231754;259;;491;Indéterminé;;;Maxime;643;1617;926;1999;other;1
;;;C:/Users/Maxime/Desktop/photos boîte 29/photos boîte 29/US491/IMG_1162.JPG;Rouelle;6;;France;Occitanie;Aude;Fanjeaux;Las Cravieros;622242.08;6231754;259;;491;Indéterminé;;;Maxime;1693;1689;1961;1984;other;1
;;;C:/Users/Maxime/Desktop/photos boîte 29/photos boîte 29/US491/IMG_1164.JPG;Palmette;0;;France;Occitanie;Aude;Fanjeaux;Las Cravieros;622242.08;6231754;259;;491;Indéterminé;;;Maxime;796;1672;1293;2226;FN;1
;;;C:/Users/Maxime/Desktop/photos boîte 29/photos boîte 29/US491/IMG_1164.JPG;Palmette;0;;France;Occitanie;Aude;Fanjeaux;Las Cravieros;622242.08;6231754;259;;491;Indéterminé;;;Maxime;1281;1553;2018;2389;other;1
;;;C:/Users/Maxime/Desktop/photos boîte 29/photos boîte 29/US491/IMG_1166.JPG;Rouelle;13;;France;Occitanie;Aude;Fanjeaux;Las Cravieros;622242.08;6231754;259;;491;Indéterminé;;;Maxime;1310;1580;1867;2121;other;1
;;;C:/Users/Maxime/Desktop/photos boîte 29/photos boîte 29/US491/IMG_1166.JPG;Rouelle;13;;France;Occitanie;Aude;Fanjeaux;Las Cravieros;622242.08;6231754;259;;491;Indéterminé;;;Maxime;838;1386;1408;1950;other;1
;;;C:/Users/Maxime/Desktop/photos boîte 29/photos boîte 29/US491/IMG_1166.JPG;Rouelle;13;;France;Occitanie;Aude;Fanjeaux;Las Cravieros;622242.08;6231754;259;;491;Indéterminé;;;Maxime;468;1435;837;1831;other;1
;;;C:/Users/Maxime/Desktop/photos boîte 29/photos boîte 29/US491/IMG_1169.JPG;Rouelle;Inédit;Rouelle inédite comme la 20, mais avec des pointillés au lieu du cercle central;France;Occitanie;Aude;Fanjeaux;Las Cravieros;622242.08;6231754;259;;491;Indéterminé;;;Maxime;659;894;1270;1484;unguessable;1
;;;C:/Users/Maxime/Desktop/photos boîte 29/photos boîte 29/US491/IMG_1171.JPG;Palmette;0;;France;Occitanie;Aude;Fanjeaux;Las Cravieros;622242.08;6231754;259;;491;Indéterminé;;;Maxime;1530;1435;1960;2068;other;1
;;;C:/Users/Maxime/Desktop/photos boîte 29/photos boîte 29/US491/IMG_1173.JPG;Rouelle;6;;France;Occitanie;Aude;Fanjeaux;Las Cravieros;622242.08;6231754;259;;491;Indéterminé;;;Maxime;1026;1752;1296;2037;other;2
;;;C:/Users/Maxime/Desktop/photos boîte 29/photos boîte 29/US491/IMG_1173.JPG;Rouelle;6;;France;Occitanie;Aude;Fanjeaux;Las Cravieros;622242.08;6231754;259;;491;Indéterminé;;;Maxime;1606;1840;1882;2140;other;2
;;;C:/Users/Maxime/Desktop/photos boîte 29/photos boîte 29/US491/IMG_1173.JPG;Palmette;19;;France;Occitanie;Aude;Fanjeaux;Las Cravieros;622242.08;6231754;259;;491;Indéterminé;;;Maxime;799;979;1630;1676;1;1
;;;C:/Users/Maxime/Desktop/photos boîte 29/photos boîte 29/US491/IMG_1173.JPG;Rouelle;6;;France;Occitanie;Aude;Fanjeaux;Las Cravieros;622242.08;6231754;259;;491;Indéterminé;;;Maxime;1333;1731;1635;2030;other;2
;;;C:/Users/Maxime/Desktop/photos boîte 29/photos boîte 29/US491/IMG_1173.JPG;Rouelle;6;;France;Occitanie;Aude;Fanjeaux;Las Cravieros;622242.08;6231754;259;;491;Indéterminé;;;Maxime;1873;1953;2149;2235;2;2
;;;C:/Users/Maxime/Desktop/photos boîte 29/photos boîte 29/US491/IMG_1173.JPG;Rouelle;6;;France;Occitanie;Aude;Fanjeaux;Las Cravieros;622242.08;6231754;259;;491;Indéterminé;;;Maxime;1345;2094;1649;2310;4;2
;;;C:/Users/Maxime/Desktop/photos boîte 29/photos boîte 29/US491/IMG_1173.JPG;Palmette;19;;France;Occitanie;Aude;Fanjeaux;Las Cravieros;622242.08;6231754;259;;491;Indéterminé;;;Maxime;1592;1294;2260;1707;other;1
;;;C:/Users/Maxime/Desktop/photos boîte 29/photos boîte 29/US491/IMG_1173.JPG;Rouelle;6;;France;Occitanie;Aude;Fanjeaux;Las Cravieros;622242.08;6231754;259;;491;Indéterminé;;;Maxime;2110;2165;2379;2369;other;2
;;;C:/Users/Maxime/Desktop/photos boîte 29/photos boîte 29/US491/IMG_1173.JPG;false positive (not a sherd);0;;France;Occitanie;Aude;Fanjeaux;Las Cravieros;622242.08;6231754;259;;491;Indéterminé;;;Maxime;1335;1764;1875;2085;FP;1
;;;C:/Users/Maxime/Desktop/photos boîte 29/photos boîte 29/US491/IMG_1173.JPG;Rouelle;6;;France;Occitanie;Aude;Fanjeaux;Las Cravieros;622242.08;6231754;259;;491;Indéterminé;;;Maxime;1663;2203;1906;2415;other;2
;;;C:/Users/Maxime/Desktop/photos boîte 29/photos boîte 29/US491/IMG_1173.JPG;Rouelle;6;;France;Occitanie;Aude;Fanjeaux;Las Cravieros;622242.08;6231754;259;;491;Indéterminé;;;Maxime;1099;2132;1343;2313;other;2
;;;C:/Users/Maxime/Desktop/photos boîte 29/photos boîte 29/US491/IMG_1173.JPG;false positive (not a sherd);0;;France;Occitanie;Aude;Fanjeaux;Las Cravieros;622242.08;6231754;259;;491;Indéterminé;;;Maxime;1306;2884;1915;2993;FP;1
;;;C:/Users/Maxime/Desktop/photos boîte 29/photos boîte 29/US491/IMG_1177.JPG;Geo.;16;;France;Occitanie;Aude;Fanjeaux;Las Cravieros;622242.08;6231754;259;;491;Indéterminé;;;Maxime;677;1764;1020;2266;FN;1
;;;C:/Users/Maxime/Desktop/photos boîte 29/photos boîte 29/US491/IMG_1177.JPG;Geo.;16;;France;Occitanie;Aude;Fanjeaux;Las Cravieros;622242.08;6231754;259;;491;Indéterminé;;;Maxime;440;1746;756;2217;FN;1
;;;C:/Users/Maxime/Desktop/photos boîte 29/photos boîte 29/US491/IMG_1177.JPG;false positive (not a sherd);0;;France;Occitanie;Aude;Fanjeaux;Las Cravieros;622242.08;6231754;259;;491;Indéterminé;;;Maxime;467;1761;1046;2278;FP;1
;;;C:/Users/Maxime/Desktop/photos boîte 29/photos boîte 29/US491/IMG_1177.JPG;Geo.;16;;France;Occitanie;Aude;Fanjeaux;Las Cravieros;622242.08;6231754;259;;491;Indéterminé;;;Maxime;1796;1772;2224;2335;other;1
;;;C:/Users/Maxime/Desktop/photos boîte 29/photos boîte 29/US491/IMG_1177.JPG;Geo.;16;;France;Occitanie;Aude;Fanjeaux;Las Cravieros;622242.08;6231754;259;;491;Indéterminé;;;Maxime;1252;1751;1615;2305;other;1
;;;C:/Users/Maxime/Desktop/photos boîte 29/photos boîte 29/US491/IMG_1177.JPG;Geo.;16;;France;Occitanie;Aude;Fanjeaux;Las Cravieros;622242.08;6231754;259;;491;Indéterminé;;;Maxime;1013;1757;1300;2271;other;1
;;;C:/Users/Maxime/Desktop/photos boîte 29/photos boîte 29/US491/IMG_1177.JPG;Geo.;16;;France;Occitanie;Aude;Fanjeaux;Las Cravieros;622242.08;6231754;259;;491;Indéterminé;;;Maxime;1593;1768;1820;2322;other;1
;;;C:/Users/Maxime/Desktop/photos boîte 29/photos boîte 29/US491/IMG_1179.JPG;Palmette;0;;France;Occitanie;Aude;Fanjeaux;Las Cravieros;622242.08;6231754;259;;491;Indéterminé;;;Maxime;800;1645;1342;2314;FN;1
;;;C:/Users/Maxime/Desktop/photos boîte 29/photos boîte 29/US491/IMG_1179.JPG;Palmette;0;;France;Occitanie;Aude;Fanjeaux;Las Cravieros;622242.08;6231754;259;;491;Indéterminé;;;Maxime;1500;1601;2010;2257;FN;1
;;;C:/Users/Maxime/Desktop/photos boîte 29/photos boîte 29/US491/IMG_1179.JPG;false positive (not a sherd);0;;France;Occitanie;Aude;Fanjeaux;Las Cravieros;622242.08;6231754;259;;491;Indéterminé;;;Maxime;0;0;0;0;FP;1
;;;C:/Users/Maxime/Desktop/photos boîte 29/photos boîte 29/US491/IMG_1182.JPG;Rouelle;6;;France;Occitanie;Aude;Fanjeaux;Las Cravieros;622242.08;6231754;259;;491;Indéterminé;;;Maxime;653;1745;1014;2108;other;1
;;;C:/Users/Maxime/Desktop/photos boîte 29/photos boîte 29/US491/IMG_1182.JPG;Rouelle;6;;France;Occitanie;Aude;Fanjeaux;Las Cravieros;622242.08;6231754;259;;491;Indéterminé;;;Maxime;1407;1832;1744;2171;other;1
;;;C:/Users/Maxime/Desktop/photos boîte 29/photos boîte 29/US491/IMG_1182.JPG;Rouelle;6;;France;Occitanie;Aude;Fanjeaux;Las Cravieros;622242.08;6231754;259;;491;Indéterminé;;;Maxime;1818;1945;2137;2258;other;1
;;;C:/Users/Maxime/Desktop/photos boîte 29/photos boîte 29/US491/IMG_1182.JPG;Rouelle;6;;France;Occitanie;Aude;Fanjeaux;Las Cravieros;622242.08;6231754;259;;491;Indéterminé;;;Maxime;1031;1777;1388;2140;2;1
;;;C:/Users/Maxime/Desktop/photos boîte 29/photos boîte 29/US491/IMG_1184.JPG;Rouelle;6;;France;Occitanie;Aude;Fanjeaux;Las Cravieros;622242.08;6231754;259;;491;Indéterminé;;Bord;Maxime;334;1783;714;2201;other;1
;;;C:/Users/Maxime/Desktop/photos boîte 29/photos boîte 29/US491/IMG_1184.JPG;Rouelle;6;;France;Occitanie;Aude;Fanjeaux;Las Cravieros;622242.08;6231754;259;;491;Indéterminé;;Bord;Maxime;711;1806;1076;2170;4;1
;;;C:/Users/Maxime/Desktop/photos boîte 29/photos boîte 29/US491/IMG_1186.JPG;Rouelle;13;;France;Occitanie;Aude;Fanjeaux;Las Cravieros;622242.08;6231754;259;;491;Indéterminé;;Bord;Maxime;722;1879;1314;2356;other;1
;;;C:/Users/Maxime/Desktop/photos boîte 29/photos boîte 29/US491/IMG_1186.JPG;Rouelle;13;;France;Occitanie;Aude;Fanjeaux;Las Cravieros;622242.08;6231754;259;;491;Indéterminé;;Bord;Maxime;1320;1886;1976;2369;other;1
